slice,case,contour,roi_name,point_count
1,P1_S5_F0970,arytenoid-cartilage,01_P1_S5_F0970__arytenoid-cartilage,50
1,P1_S5_F0970,epiglottis,01_P1_S5_F0970__epiglottis,50
1,P1_S5_F0970,lower-incisor,01_P1_S5_F0970__lower-incisor,50
1,P1_S5_F0970,lower-lip,01_P1_S5_F0970__lower-lip,50
1,P1_S5_F0970,pharynx,01_P1_S5_F0970__pharynx,50
1,P1_S5_F0970,soft-palate-midline,01_P1_S5_F0970__soft-palate-midline,50
1,P1_S5_F0970,thyroid-cartilage,01_P1_S5_F0970__thyroid-cartilage,50
1,P1_S5_F0970,tongue,01_P1_S5_F0970__tongue,50
1,P1_S5_F0970,upper-incisor,01_P1_S5_F0970__upper-incisor,50
1,P1_S5_F0970,upper-lip,01_P1_S5_F0970__upper-lip,50
1,P1_S5_F0970,vocal-folds,01_P1_S5_F0970__vocal-folds,50
2,P3_S5_F0769,arytenoid-cartilage,02_P3_S5_F0769__arytenoid-cartilage,50
2,P3_S5_F0769,epiglottis,02_P3_S5_F0769__epiglottis,50
2,P3_S5_F0769,lower-incisor,02_P3_S5_F0769__lower-incisor,50
2,P3_S5_F0769,lower-lip,02_P3_S5_F0769__lower-lip,50
2,P3_S5_F0769,pharynx,02_P3_S5_F0769__pharynx,50
2,P3_S5_F0769,soft-palate-midline,02_P3_S5_F0769__soft-palate-midline,50
2,P3_S5_F0769,thyroid-cartilage,02_P3_S5_F0769__thyroid-cartilage,50
2,P3_S5_F0769,tongue,02_P3_S5_F0769__tongue,50
2,P3_S5_F0769,upper-incisor,02_P3_S5_F0769__upper-incisor,50
2,P3_S5_F0769,upper-lip,02_P3_S5_F0769__upper-lip,50
2,P3_S5_F0769,vocal-folds,02_P3_S5_F0769__vocal-folds,50
3,P4_S5_F0787,arytenoid-cartilage,03_P4_S5_F0787__arytenoid-cartilage,50
3,P4_S5_F0787,epiglottis,03_P4_S5_F0787__epiglottis,50
3,P4_S5_F0787,lower-incisor,03_P4_S5_F0787__lower-incisor,50
3,P4_S5_F0787,lower-lip,03_P4_S5_F0787__lower-lip,50
3,P4_S5_F0787,pharynx,03_P4_S5_F0787__pharynx,50
3,P4_S5_F0787,soft-palate-midline,03_P4_S5_F0787__soft-palate-midline,50
3,P4_S5_F0787,thyroid-cartilage,03_P4_S5_F0787__thyroid-cartilage,50
3,P4_S5_F0787,tongue,03_P4_S5_F0787__tongue,50
3,P4_S5_F0787,upper-incisor,03_P4_S5_F0787__upper-incisor,50
3,P4_S5_F0787,upper-lip,03_P4_S5_F0787__upper-lip,50
3,P4_S5_F0787,vocal-folds,03_P4_S5_F0787__vocal-folds,50
4,P5_S5_F0809,arytenoid-cartilage,04_P5_S5_F0809__arytenoid-cartilage,50
4,P5_S5_F0809,epiglottis,04_P5_S5_F0809__epiglottis,50
4,P5_S5_F0809,lower-incisor,04_P5_S5_F0809__lower-incisor,50
4,P5_S5_F0809,lower-lip,04_P5_S5_F0809__lower-lip,50
4,P5_S5_F0809,pharynx,04_P5_S5_F0809__pharynx,50
4,P5_S5_F0809,soft-palate-midline,04_P5_S5_F0809__soft-palate-midline,50
4,P5_S5_F0809,thyroid-cartilage,04_P5_S5_F0809__thyroid-cartilage,50
4,P5_S5_F0809,tongue,04_P5_S5_F0809__tongue,50
4,P5_S5_F0809,upper-incisor,04_P5_S5_F0809__upper-incisor,50
4,P5_S5_F0809,upper-lip,04_P5_S5_F0809__upper-lip,50
4,P5_S5_F0809,vocal-folds,04_P5_S5_F0809__vocal-folds,50
5,P6_S5_F1117,arytenoid-cartilage,05_P6_S5_F1117__arytenoid-cartilage,50
5,P6_S5_F1117,epiglottis,05_P6_S5_F1117__epiglottis,50
5,P6_S5_F1117,lower-incisor,05_P6_S5_F1117__lower-incisor,50
5,P6_S5_F1117,lower-lip,05_P6_S5_F1117__lower-lip,50
5,P6_S5_F1117,pharynx,05_P6_S5_F1117__pharynx,50
5,P6_S5_F1117,soft-palate-midline,05_P6_S5_F1117__soft-palate-midline,50
5,P6_S5_F1117,thyroid-cartilage,05_P6_S5_F1117__thyroid-cartilage,50
5,P6_S5_F1117,tongue,05_P6_S5_F1117__tongue,50
5,P6_S5_F1117,upper-incisor,05_P6_S5_F1117__upper-incisor,50
5,P6_S5_F1117,upper-lip,05_P6_S5_F1117__upper-lip,50
5,P6_S5_F1117,vocal-folds,05_P6_S5_F1117__vocal-folds,50
6,P7_S5_F0864,arytenoid-cartilage,06_P7_S5_F0864__arytenoid-cartilage,50
6,P7_S5_F0864,epiglottis,06_P7_S5_F0864__epiglottis,50
6,P7_S5_F0864,lower-incisor,06_P7_S5_F0864__lower-incisor,50
6,P7_S5_F0864,lower-lip,06_P7_S5_F0864__lower-lip,50
6,P7_S5_F0864,pharynx,06_P7_S5_F0864__pharynx,50
6,P7_S5_F0864,soft-palate-midline,06_P7_S5_F0864__soft-palate-midline,50
6,P7_S5_F0864,thyroid-cartilage,06_P7_S5_F0864__thyroid-cartilage,50
6,P7_S5_F0864,tongue,06_P7_S5_F0864__tongue,50
6,P7_S5_F0864,upper-incisor,06_P7_S5_F0864__upper-incisor,50
6,P7_S5_F0864,upper-lip,06_P7_S5_F0864__upper-lip,50
6,P7_S5_F0864,vocal-folds,06_P7_S5_F0864__vocal-folds,50
7,P8_S5_F0792,arytenoid-cartilage,07_P8_S5_F0792__arytenoid-cartilage,50
7,P8_S5_F0792,epiglottis,07_P8_S5_F0792__epiglottis,50
7,P8_S5_F0792,lower-incisor,07_P8_S5_F0792__lower-incisor,50
7,P8_S5_F0792,lower-lip,07_P8_S5_F0792__lower-lip,50
7,P8_S5_F0792,pharynx,07_P8_S5_F0792__pharynx,50
7,P8_S5_F0792,soft-palate-midline,07_P8_S5_F0792__soft-palate-midline,50
7,P8_S5_F0792,thyroid-cartilage,07_P8_S5_F0792__thyroid-cartilage,50
7,P8_S5_F0792,tongue,07_P8_S5_F0792__tongue,50
7,P8_S5_F0792,upper-incisor,07_P8_S5_F0792__upper-incisor,50
7,P8_S5_F0792,upper-lip,07_P8_S5_F0792__upper-lip,50
7,P8_S5_F0792,vocal-folds,07_P8_S5_F0792__vocal-folds,50
8,P9_S5_F0704,arytenoid-cartilage,08_P9_S5_F0704__arytenoid-cartilage,50
8,P9_S5_F0704,epiglottis,08_P9_S5_F0704__epiglottis,50
8,P9_S5_F0704,lower-incisor,08_P9_S5_F0704__lower-incisor,50
8,P9_S5_F0704,lower-lip,08_P9_S5_F0704__lower-lip,50
8,P9_S5_F0704,pharynx,08_P9_S5_F0704__pharynx,50
8,P9_S5_F0704,soft-palate-midline,08_P9_S5_F0704__soft-palate-midline,50
8,P9_S5_F0704,thyroid-cartilage,08_P9_S5_F0704__thyroid-cartilage,50
8,P9_S5_F0704,tongue,08_P9_S5_F0704__tongue,50
8,P9_S5_F0704,upper-incisor,08_P9_S5_F0704__upper-incisor,50
8,P9_S5_F0704,upper-lip,08_P9_S5_F0704__upper-lip,50
8,P9_S5_F0704,vocal-folds,08_P9_S5_F0704__vocal-folds,50
9,P10_S5_F0859,arytenoid-cartilage,09_P10_S5_F0859__arytenoid-cartilage,50
9,P10_S5_F0859,epiglottis,09_P10_S5_F0859__epiglottis,50
9,P10_S5_F0859,lower-incisor,09_P10_S5_F0859__lower-incisor,50
9,P10_S5_F0859,lower-lip,09_P10_S5_F0859__lower-lip,50
9,P10_S5_F0859,pharynx,09_P10_S5_F0859__pharynx,50
9,P10_S5_F0859,soft-palate-midline,09_P10_S5_F0859__soft-palate-midline,50
9,P10_S5_F0859,thyroid-cartilage,09_P10_S5_F0859__thyroid-cartilage,50
9,P10_S5_F0859,tongue,09_P10_S5_F0859__tongue,50
9,P10_S5_F0859,upper-incisor,09_P10_S5_F0859__upper-incisor,50
9,P10_S5_F0859,upper-lip,09_P10_S5_F0859__upper-lip,50
9,P10_S5_F0859,vocal-folds,09_P10_S5_F0859__vocal-folds,50
