case,label,changed,rms_displacement_px,max_displacement_px,source_path
P1_S5_F0970,arytenoid-cartilage,False,0.0,0.0,C:\Users\nhnguyen\PhD_A2A\Preprocess\inference\P1\S5\contours\0970_arytenoid-cartilage.npy
P1_S5_F0970,epiglottis,False,0.0,0.0,C:\Users\nhnguyen\PhD_A2A\Preprocess\inference\P1\S5\contours\0970_epiglottis.npy
P1_S5_F0970,lower-incisor,True,0.6047624855296496,3.0824263003778243,C:\Users\nhnguyen\PhD_A2A\Preprocess\inference\P1\S5\contours\0970_lower-incisor.npy
P1_S5_F0970,lower-lip,False,0.0,0.0,C:\Users\nhnguyen\PhD_A2A\Preprocess\inference\P1\S5\contours\0970_lower-lip.npy
P1_S5_F0970,pharynx,False,0.0,0.0,C:\Users\nhnguyen\PhD_A2A\Preprocess\inference\P1\S5\contours\0970_pharynx.npy
P1_S5_F0970,soft-palate-midline,False,0.0,0.0,C:\Users\nhnguyen\PhD_A2A\Preprocess\inference\P1\S5\contours\0970_soft-palate-midline.npy
P1_S5_F0970,thyroid-cartilage,False,0.0,0.0,C:\Users\nhnguyen\PhD_A2A\Preprocess\inference\P1\S5\contours\0970_thyroid-cartilage.npy
P1_S5_F0970,tongue,False,0.0,0.0,C:\Users\nhnguyen\PhD_A2A\Preprocess\inference\P1\S5\contours\0970_tongue.npy
P1_S5_F0970,upper-incisor,True,3.162277630804098,3.162279828758954,C:\Users\nhnguyen\PhD_A2A\Preprocess\inference\P1\S5\contours\0970_upper-incisor.npy
P1_S5_F0970,upper-lip,False,0.0,0.0,C:\Users\nhnguyen\PhD_A2A\Preprocess\inference\P1\S5\contours\0970_upper-lip.npy
P1_S5_F0970,vocal-folds,False,0.0,0.0,C:\Users\nhnguyen\PhD_A2A\Preprocess\inference\P1\S5\contours\0970_vocal-folds.npy
P3_S5_F0769,arytenoid-cartilage,False,0.0,0.0,C:\Users\nhnguyen\PhD_A2A\Preprocess\inference\P3\S5\contours\0769_arytenoid-cartilage.npy
P3_S5_F0769,epiglottis,False,0.0,0.0,C:\Users\nhnguyen\PhD_A2A\Preprocess\inference\P3\S5\contours\0769_epiglottis.npy
P3_S5_F0769,lower-incisor,True,1.409435486161771,5.220314015917422,C:\Users\nhnguyen\PhD_A2A\Preprocess\inference\P3\S5\contours\0769_lower-incisor.npy
P3_S5_F0769,lower-lip,False,0.0,0.0,C:\Users\nhnguyen\PhD_A2A\Preprocess\inference\P3\S5\contours\0769_lower-lip.npy
P3_S5_F0769,pharynx,False,0.0,0.0,C:\Users\nhnguyen\PhD_A2A\Preprocess\inference\P3\S5\contours\0769_pharynx.npy
P3_S5_F0769,soft-palate-midline,False,0.0,0.0,C:\Users\nhnguyen\PhD_A2A\Preprocess\inference\P3\S5\contours\0769_soft-palate-midline.npy
P3_S5_F0769,thyroid-cartilage,False,0.0,0.0,C:\Users\nhnguyen\PhD_A2A\Preprocess\inference\P3\S5\contours\0769_thyroid-cartilage.npy
P3_S5_F0769,tongue,False,0.0,0.0,C:\Users\nhnguyen\PhD_A2A\Preprocess\inference\P3\S5\contours\0769_tongue.npy
P3_S5_F0769,upper-incisor,True,0.3860363303782363,1.0356067067314592,C:\Users\nhnguyen\PhD_A2A\Preprocess\inference\P3\S5\contours\0769_upper-incisor.npy
P3_S5_F0769,upper-lip,False,0.0,0.0,C:\Users\nhnguyen\PhD_A2A\Preprocess\inference\P3\S5\contours\0769_upper-lip.npy
P3_S5_F0769,vocal-folds,False,0.0,0.0,C:\Users\nhnguyen\PhD_A2A\Preprocess\inference\P3\S5\contours\0769_vocal-folds.npy
P4_S5_F0787,arytenoid-cartilage,False,0.0,0.0,C:\Users\nhnguyen\PhD_A2A\Preprocess\inference\P4\S5\contours\0787_arytenoid-cartilage.npy
P4_S5_F0787,epiglottis,False,0.0,0.0,C:\Users\nhnguyen\PhD_A2A\Preprocess\inference\P4\S5\contours\0787_epiglottis.npy
P4_S5_F0787,lower-incisor,True,0.5506698656476664,3.4691774475442663,C:\Users\nhnguyen\PhD_A2A\Preprocess\inference\P4\S5\contours\0787_lower-incisor.npy
P4_S5_F0787,lower-lip,False,0.0,0.0,C:\Users\nhnguyen\PhD_A2A\Preprocess\inference\P4\S5\contours\0787_lower-lip.npy
P4_S5_F0787,pharynx,False,0.0,0.0,C:\Users\nhnguyen\PhD_A2A\Preprocess\inference\P4\S5\contours\0787_pharynx.npy
P4_S5_F0787,soft-palate-midline,False,0.0,0.0,C:\Users\nhnguyen\PhD_A2A\Preprocess\inference\P4\S5\contours\0787_soft-palate-midline.npy
P4_S5_F0787,thyroid-cartilage,False,0.0,0.0,C:\Users\nhnguyen\PhD_A2A\Preprocess\inference\P4\S5\contours\0787_thyroid-cartilage.npy
P4_S5_F0787,tongue,False,0.0,0.0,C:\Users\nhnguyen\PhD_A2A\Preprocess\inference\P4\S5\contours\0787_tongue.npy
P4_S5_F0787,upper-incisor,False,1.242464202665215e-06,2.0595925525570968e-06,C:\Users\nhnguyen\PhD_A2A\Preprocess\inference\P4\S5\contours\0787_upper-incisor.npy
P4_S5_F0787,upper-lip,False,0.0,0.0,C:\Users\nhnguyen\PhD_A2A\Preprocess\inference\P4\S5\contours\0787_upper-lip.npy
P4_S5_F0787,vocal-folds,False,0.0,0.0,C:\Users\nhnguyen\PhD_A2A\Preprocess\inference\P4\S5\contours\0787_vocal-folds.npy
P5_S5_F0809,arytenoid-cartilage,False,0.0,0.0,C:\Users\nhnguyen\PhD_A2A\Preprocess\inference\P5\S5\contours\0809_arytenoid-cartilage.npy
P5_S5_F0809,epiglottis,False,0.0,0.0,C:\Users\nhnguyen\PhD_A2A\Preprocess\inference\P5\S5\contours\0809_epiglottis.npy
P5_S5_F0809,lower-incisor,True,0.23015910173068757,0.9718934422639295,C:\Users\nhnguyen\PhD_A2A\Preprocess\inference\P5\S5\contours\0809_lower-incisor.npy
P5_S5_F0809,lower-lip,False,0.0,0.0,C:\Users\nhnguyen\PhD_A2A\Preprocess\inference\P5\S5\contours\0809_lower-lip.npy
P5_S5_F0809,pharynx,False,0.0,0.0,C:\Users\nhnguyen\PhD_A2A\Preprocess\inference\P5\S5\contours\0809_pharynx.npy
P5_S5_F0809,soft-palate-midline,False,0.0,0.0,C:\Users\nhnguyen\PhD_A2A\Preprocess\inference\P5\S5\contours\0809_soft-palate-midline.npy
P5_S5_F0809,thyroid-cartilage,False,0.0,0.0,C:\Users\nhnguyen\PhD_A2A\Preprocess\inference\P5\S5\contours\0809_thyroid-cartilage.npy
P5_S5_F0809,tongue,False,0.0,0.0,C:\Users\nhnguyen\PhD_A2A\Preprocess\inference\P5\S5\contours\0809_tongue.npy
P5_S5_F0809,upper-incisor,True,0.17742298033723056,1.0003688555838928,C:\Users\nhnguyen\PhD_A2A\Preprocess\inference\P5\S5\contours\0809_upper-incisor.npy
P5_S5_F0809,upper-lip,False,0.0,0.0,C:\Users\nhnguyen\PhD_A2A\Preprocess\inference\P5\S5\contours\0809_upper-lip.npy
P5_S5_F0809,vocal-folds,False,0.0,0.0,C:\Users\nhnguyen\PhD_A2A\Preprocess\inference\P5\S5\contours\0809_vocal-folds.npy
P6_S5_F1117,arytenoid-cartilage,False,0.0,0.0,C:\Users\nhnguyen\PhD_A2A\Preprocess\inference\P6\S5\contours\1117_arytenoid-cartilage.npy
P6_S5_F1117,epiglottis,False,0.0,0.0,C:\Users\nhnguyen\PhD_A2A\Preprocess\inference\P6\S5\contours\1117_epiglottis.npy
P6_S5_F1117,lower-incisor,True,1.0060768286224016,1.1691509377090565,C:\Users\nhnguyen\PhD_A2A\Preprocess\inference\P6\S5\contours\1117_lower-incisor.npy
P6_S5_F1117,lower-lip,False,0.0,0.0,C:\Users\nhnguyen\PhD_A2A\Preprocess\inference\P6\S5\contours\1117_lower-lip.npy
P6_S5_F1117,pharynx,False,0.0,0.0,C:\Users\nhnguyen\PhD_A2A\Preprocess\inference\P6\S5\contours\1117_pharynx.npy
P6_S5_F1117,soft-palate-midline,False,0.0,0.0,C:\Users\nhnguyen\PhD_A2A\Preprocess\inference\P6\S5\contours\1117_soft-palate-midline.npy
P6_S5_F1117,thyroid-cartilage,False,0.0,0.0,C:\Users\nhnguyen\PhD_A2A\Preprocess\inference\P6\S5\contours\1117_thyroid-cartilage.npy
P6_S5_F1117,tongue,False,1.206313194339134e-06,3.814697265625e-06,C:\Users\nhnguyen\PhD_A2A\Preprocess\inference\P6\S5\contours\1117_tongue.npy
P6_S5_F1117,upper-incisor,False,1.3742506982134563e-06,2.38188254399e-06,C:\Users\nhnguyen\PhD_A2A\Preprocess\inference\P6\S5\contours\1117_upper-incisor.npy
P6_S5_F1117,upper-lip,False,0.0,0.0,C:\Users\nhnguyen\PhD_A2A\Preprocess\inference\P6\S5\contours\1117_upper-lip.npy
P6_S5_F1117,vocal-folds,False,0.0,0.0,C:\Users\nhnguyen\PhD_A2A\Preprocess\inference\P6\S5\contours\1117_vocal-folds.npy
P7_S5_F0864,arytenoid-cartilage,False,0.0,0.0,C:\Users\nhnguyen\PhD_A2A\Preprocess\inference\P7\S5\contours\0864_arytenoid-cartilage.npy
P7_S5_F0864,epiglottis,False,0.0,0.0,C:\Users\nhnguyen\PhD_A2A\Preprocess\inference\P7\S5\contours\0864_epiglottis.npy
P7_S5_F0864,lower-incisor,True,0.5823503885349873,2.704549233663328,C:\Users\nhnguyen\PhD_A2A\Preprocess\inference\P7\S5\contours\0864_lower-incisor.npy
P7_S5_F0864,lower-lip,False,0.0,0.0,C:\Users\nhnguyen\PhD_A2A\Preprocess\inference\P7\S5\contours\0864_lower-lip.npy
P7_S5_F0864,pharynx,False,0.0,0.0,C:\Users\nhnguyen\PhD_A2A\Preprocess\inference\P7\S5\contours\0864_pharynx.npy
P7_S5_F0864,soft-palate-midline,False,0.0,0.0,C:\Users\nhnguyen\PhD_A2A\Preprocess\inference\P7\S5\contours\0864_soft-palate-midline.npy
P7_S5_F0864,thyroid-cartilage,False,0.0,0.0,C:\Users\nhnguyen\PhD_A2A\Preprocess\inference\P7\S5\contours\0864_thyroid-cartilage.npy
P7_S5_F0864,tongue,False,0.0,0.0,C:\Users\nhnguyen\PhD_A2A\Preprocess\inference\P7\S5\contours\0864_tongue.npy
P7_S5_F0864,upper-incisor,False,1.4088424938283458e-06,2.3430714969033983e-06,C:\Users\nhnguyen\PhD_A2A\Preprocess\inference\P7\S5\contours\0864_upper-incisor.npy
P7_S5_F0864,upper-lip,False,0.0,0.0,C:\Users\nhnguyen\PhD_A2A\Preprocess\inference\P7\S5\contours\0864_upper-lip.npy
P7_S5_F0864,vocal-folds,False,0.0,0.0,C:\Users\nhnguyen\PhD_A2A\Preprocess\inference\P7\S5\contours\0864_vocal-folds.npy
P8_S5_F0792,arytenoid-cartilage,False,0.0,0.0,C:\Users\nhnguyen\PhD_A2A\Preprocess\inference\P8\S5\contours\0792_arytenoid-cartilage.npy
P8_S5_F0792,epiglottis,False,0.0,0.0,C:\Users\nhnguyen\PhD_A2A\Preprocess\inference\P8\S5\contours\0792_epiglottis.npy
P8_S5_F0792,lower-incisor,True,2.1302811214516666,3.352584316801538,C:\Users\nhnguyen\PhD_A2A\Preprocess\inference\P8\S5\contours\0792_lower-incisor.npy
P8_S5_F0792,lower-lip,True,2.0,2.0,C:\Users\nhnguyen\PhD_A2A\Preprocess\inference\P8\S5\contours\0792_lower-lip.npy
P8_S5_F0792,pharynx,False,0.0,0.0,C:\Users\nhnguyen\PhD_A2A\Preprocess\inference\P8\S5\contours\0792_pharynx.npy
P8_S5_F0792,soft-palate-midline,False,0.0,0.0,C:\Users\nhnguyen\PhD_A2A\Preprocess\inference\P8\S5\contours\0792_soft-palate-midline.npy
P8_S5_F0792,thyroid-cartilage,False,0.0,0.0,C:\Users\nhnguyen\PhD_A2A\Preprocess\inference\P8\S5\contours\0792_thyroid-cartilage.npy
P8_S5_F0792,tongue,False,9.344061823971474e-07,3.814697265625e-06,C:\Users\nhnguyen\PhD_A2A\Preprocess\inference\P8\S5\contours\0792_tongue.npy
P8_S5_F0792,upper-incisor,False,1.4147956106172466e-06,2.3606217670556198e-06,C:\Users\nhnguyen\PhD_A2A\Preprocess\inference\P8\S5\contours\0792_upper-incisor.npy
P8_S5_F0792,upper-lip,False,0.0,0.0,C:\Users\nhnguyen\PhD_A2A\Preprocess\inference\P8\S5\contours\0792_upper-lip.npy
P8_S5_F0792,vocal-folds,False,0.0,0.0,C:\Users\nhnguyen\PhD_A2A\Preprocess\inference\P8\S5\contours\0792_vocal-folds.npy
P9_S5_F0704,arytenoid-cartilage,False,0.0,0.0,C:\Users\nhnguyen\PhD_A2A\Preprocess\inference\P9\S5\contours\0704_arytenoid-cartilage.npy
P9_S5_F0704,epiglottis,False,0.0,0.0,C:\Users\nhnguyen\PhD_A2A\Preprocess\inference\P9\S5\contours\0704_epiglottis.npy
P9_S5_F0704,lower-incisor,True,1.2253857539733306,2.725050967922949,C:\Users\nhnguyen\PhD_A2A\Preprocess\inference\P9\S5\contours\0704_lower-incisor.npy
P9_S5_F0704,lower-lip,False,0.0,0.0,C:\Users\nhnguyen\PhD_A2A\Preprocess\inference\P9\S5\contours\0704_lower-lip.npy
P9_S5_F0704,pharynx,False,0.0,0.0,C:\Users\nhnguyen\PhD_A2A\Preprocess\inference\P9\S5\contours\0704_pharynx.npy
P9_S5_F0704,soft-palate-midline,False,0.0,0.0,C:\Users\nhnguyen\PhD_A2A\Preprocess\inference\P9\S5\contours\0704_soft-palate-midline.npy
P9_S5_F0704,thyroid-cartilage,False,0.0,0.0,C:\Users\nhnguyen\PhD_A2A\Preprocess\inference\P9\S5\contours\0704_thyroid-cartilage.npy
P9_S5_F0704,tongue,False,0.0,0.0,C:\Users\nhnguyen\PhD_A2A\Preprocess\inference\P9\S5\contours\0704_tongue.npy
P9_S5_F0704,upper-incisor,True,1.4142137584094514,1.414216182301343,C:\Users\nhnguyen\PhD_A2A\Preprocess\inference\P9\S5\contours\0704_upper-incisor.npy
P9_S5_F0704,upper-lip,False,0.0,0.0,C:\Users\nhnguyen\PhD_A2A\Preprocess\inference\P9\S5\contours\0704_upper-lip.npy
P9_S5_F0704,vocal-folds,False,0.0,0.0,C:\Users\nhnguyen\PhD_A2A\Preprocess\inference\P9\S5\contours\0704_vocal-folds.npy
P10_S5_F0859,arytenoid-cartilage,False,0.0,0.0,C:\Users\nhnguyen\PhD_A2A\Preprocess\inference\P10\S5\contours\0859_arytenoid-cartilage.npy
P10_S5_F0859,epiglottis,False,0.0,0.0,C:\Users\nhnguyen\PhD_A2A\Preprocess\inference\P10\S5\contours\0859_epiglottis.npy
P10_S5_F0859,lower-incisor,True,0.1812551361185821,0.5228193682214242,C:\Users\nhnguyen\PhD_A2A\Preprocess\inference\P10\S5\contours\0859_lower-incisor.npy
P10_S5_F0859,lower-lip,False,0.0,0.0,C:\Users\nhnguyen\PhD_A2A\Preprocess\inference\P10\S5\contours\0859_lower-lip.npy
P10_S5_F0859,pharynx,False,0.0,0.0,C:\Users\nhnguyen\PhD_A2A\Preprocess\inference\P10\S5\contours\0859_pharynx.npy
P10_S5_F0859,soft-palate-midline,False,0.0,0.0,C:\Users\nhnguyen\PhD_A2A\Preprocess\inference\P10\S5\contours\0859_soft-palate-midline.npy
P10_S5_F0859,thyroid-cartilage,False,0.0,0.0,C:\Users\nhnguyen\PhD_A2A\Preprocess\inference\P10\S5\contours\0859_thyroid-cartilage.npy
P10_S5_F0859,tongue,False,0.0,0.0,C:\Users\nhnguyen\PhD_A2A\Preprocess\inference\P10\S5\contours\0859_tongue.npy
P10_S5_F0859,upper-incisor,False,1.7801502348657323e-06,3.6886634227527904e-06,C:\Users\nhnguyen\PhD_A2A\Preprocess\inference\P10\S5\contours\0859_upper-incisor.npy
P10_S5_F0859,upper-lip,False,0.0,0.0,C:\Users\nhnguyen\PhD_A2A\Preprocess\inference\P10\S5\contours\0859_upper-lip.npy
P10_S5_F0859,vocal-folds,False,0.0,0.0,C:\Users\nhnguyen\PhD_A2A\Preprocess\inference\P10\S5\contours\0859_vocal-folds.npy
